JPM	121642	128695	154990	177453	182447	199408	35638	38842	43348	47853	50873	53240	71336	75874	82836	90332	96042	46503	35892	47760	56868	55681	63634	2782
BAC	89113	94950	102769	105856	113097	119237	33140	33547	35388	36749	38345	39309	59731	61438	65845	66812	69727	30557	26015	24656	25344	29055	32125	7681
WFC	79166	74368	82597	82296	83699	86796	34536	33362	34707	34448	34805	35066	53341	53897	53662	54355	55113	20818	12562	17982	18606	20285	21615	3242
C	71887	75305	78090	80672	85213	91379	23449	24816	27413	26767	27779	29056	47520	51811	56629	53644	55179	20758	13700	7850	11458	13021	16457	1873
MS	59755	53668	54143	61761	70645	78042	24628	22920	24558	26178	29072	30912	36389	35575	37660	40177	44053	14566	10540	8530	12800	16249	19547	1592
GS	59339	47365	46254	53512	58283	66203	17719	15148	15499	16706	18906	20861	31795	30850	32265	33373	37145	21116	10711	7856	13476	16244	19982	318
MTB	5992	8179	9643	9279	9690	9961	1961	2574	2879	3046	3206	3246	3568	4712	5379	5359	5493	1777	1891	2636	2449	2699	2874	159
AXP	42380	52862	60515	65949	72229	75950	6250	7110	7888	8075	8920	9474	33853	40658	44858	48427	53318	7917	7400	8252	9995	10701	11311	696
SCHW	18520	20762	18934	19606	23921	26025	5167	5716	5836	6023	6491	6859	10353	10993	11420	11767	12494	5360	6635	4649	5478	8418	9723	1809
COF	30435	34250	36787	39112	53434	62023	7057	8075	8750	8787	11642	13593	16570	19153	20316	21486	30498	11965	7044	4582	4445	2181	10195	541
BNY	15931	16529	17697	18619	20080	21367	6013	6435	6682	6427	6329	6400	11514	12330	13295	12480	12912	3550	2345	3067	4336	5306	6024	NA
PNC	19211	21120	21490	21555	23099	25026	7141	7244	7428	7302	7782	8382	13002	13170	14012	13524	13834	DER	DER	5126	5496	6576	NA	NA
USB	22721	24184	28013	27335	28540	29583	8521	8955	10192	10322	10092	10168	13728	14577	17864	17033	16837	7605	5501	5051	5909	7194	7797	1558
TFC	22296	19973	20022	13278	20319	20850	8312	6297	6467	6295	6531	6768	14294	11701	12600	12009	12076	6033	5927	-1452	4469	4974	5533	1303
STT	12027	12148	11945	13000	13944	15056	4327	4130	4354	4489	4556	4768	8827	8658	8993	9433	9888	2572	2660	1821	2483	2717	3221	289
FITB	7920	8386	8708	8479	9017	10766	2506	2389	2525	2599	2652	3127	4745	4717	5205	5033	5144	DER	DER	DER	DER	DER	NA	NA
AMP	13389	14334	16096	17926	18911	19839	NA	NA	NA	NA	NA	NA	8534	9102	10483	11468	12161	3417	3149	2556	3401	3563	3948	98
HBAN	5983	7245	7347	7367	8155	9712	2197	2282	2529	2701	2815	3247	4367	4192	4561	4544	4837	1153	2125	1817	1801	2087	2246	1505
NTRS	6465	6761	6774	8290	8086	9052	2347	2560	2609	2770	2907	2989	4536	4983	5200	5609	5770	1491	1282	1054	1972	1679	2181	192
RJF	9781	10901	11642	12842	14052	15222	6535	7269	7219	8171	9037	9932	7842	8793	9154	10080	11258	1401	1502	1728	2059	2127	2299	NA
CFG	6647	8021	8224	7809	8247	8726	2073	2465	2512	2560	2678	2796	4081	4892	5282	5203	5337	DER	DER	DER	DER	DER	NA	NA
RF	6436	7165	7576	7083	7526	7617	2142	2258	2355	2456	2547	2620	3701	4065	4413	4239	4318	DER	DER	DER	DER	DER	NA	NA
KEY	7265	7245	6383	4574	7478	7784	2457	2446	2458	2612	2769	2912	4429	4410	4463	4518	4708	2519	1799	824	-304	1686	1887	1108
SYF	10192	11674	13627	16125	14981	15032	1501	1681	1884	1872	2093	2109	3859	4164	4470	4647	4946	4179	2974	2196	3427	3469	3435	NA
FCNCA	1898	4644	8979	9760	9550	9639	759	1389	2631	3078	3294	3379	1205	2844	4865	5512	5909	DER	DER	DER	DER	DER	NA	NA
SOFI	984.87	1574	2123	2675	3613	4306	227.27	288.16	260.55	232.69	247.99	267.15	1431	1819	2122	2410	3057	-524.36	-360.83	-341.17	479.14	481.32	636.26	1252
EWBC	1695	2231	2485	2560	2857	3024	401.16	440.03	468.67	505.2	542.56	586.12	673.63	746.04	900.3	903.83	971.6	872.98	1128	1161	1166	1325	1446	139
PNFP	1328	1545	1695	1737	2055	3508	411.05	470.62	489.95	580.1	677.81	1012	NA	NA	NA	NA	NA	DER	DER	DER	DER	NA	NA	NA
ALLY	8912	9342	9074	8917	8851	9697	1503	1800	1774	1706	1727	1741	4680	5601	5854	5797	6018	DER	DER	DER	DER	DER	NA	NA
WBS	1224	2475	2652	2590	2886	2941	392.34	590.52	657.67	707.65	764.93	811.5	NA	NA	NA	NA	NA	DER	DER	DER	DER	DER	NA	NA
FHN	3070	3207	3242	3190	3419	3526	1167	1026	1064	1078	1098	1136	2025	1953	2079	2035	2074	DER	DER	DER	DER	DER	NA	NA
SF	4737	4391	4349	4970	5530	5919	NA	NA	NA	NA	NA	NA	NA	NA	NA	NA	NA	DER	DER	DER	DER	DER	NA	165
WTFC	1710	1956	2271	2449	2724	2861	675.49	664.36	714.52	779	831.74	860.8	NA	NA	NA	NA	NA	DER	DER	DER	DER	DER	NA	NA
UMBF	1283	1468	1462	1629	2652	2916	483.23	502.94	534.73	571.33	846.14	855.97	NA	NA	NA	NA	NA	DER	DER	DER	DER	DER	NA	NA
BPOP	2600	3055	2782	2941	3199	3351	614.03	702.66	760.85	800.35	880.61	882.77	1549	1737	1875	1873	1935	DER	DER	DER	DER	DER	NA	NA
ZION	2911	3152	3115	3130	3385	3738	1099	1205	1242	1254	1315	1341	1746	1878	2007	2035	2149	DER	DER	DER	DER	DER	NA	NA
ONB	803.85	1717	1821	1872	2498	2791	266.8	529.07	498.15	536.01	685.8	707.75	NA	NA	NA	NA	NA	DER	DER	DER	DER	DER	NA	NA
SSB	1387	1645	1740	1718	2675	2714	526.31	519.07	547.54	578.87	760.83	775.75	NA	NA	NA	NA	NA	DER	DER	DER	DER	DER	NA	NA
CFR	1372	1696	1987	2064	2235	2299	440.97	534.38	606.13	693.68	757.89	777.19	881.99	1024	1229	1303	1419	DER	DER	DER	DER	DER	NA	NA
COLB	1276	1270	1997	1929	2301	2653	469.91	431.47	598	569	639	728	NA	NA	NA	NA	NA	DER	DER	DER	DER	DER	NA	NA
WAL	1953	2541	2620	3162	3543	3664	466.7	539.5	566.3	631.1	757.5	805	851.4	1157	1623	2025	2112	895.7	1045	709.6	774.9	956.2	970.5	110
CBSH	1426	1509	1586	1664	1768	1900	481.75	507.47	535.5	558.11	577.71	615.71	NA	NA	NA	NA	NA	DER	DER	DER	DER	DER	NA	NA
BOKF	1874	1855	2062	2050	2176	2282	682.14	659.35	750.26	788.36	855.27	852.23	NA	NA	NA	NA	NA	DER	DER	DER	DER	DER	NA	NA
VLY	1354	1850	1873	1827	1984	2098	354.98	497.95	520.52	527.57	546.96	555.03	NA	NA	NA	NA	NA	DER	DER	DER	DER	DER	NA	NA
PB	1133	1150	1110	1192	1250	1391	310.56	314.71	328.43	352.35	353.11	396.51	473.62	484.19	556.7	570.57	556.21	519.3	524.52	419.32	479.39	542.84	562.31	95
FNB	1237	1443	1571	1596	1765	1828	418	426	462	504	530	536.6	733	826	915	961	1010	397	431	477	459	565	NA	362
GBCI	801.96	904.93	802.27	830.8	1024	1185	265.3	312.55	301.15	328.99	385.22	427.05	NA	NA	NA	NA	NA	DER	DER	DER	DER	DER	NA	NA
UBSI	1021	1050	1055	1035	1237	1282	NA	NA	NA	NA	NA	NA	NA	NA	NA	NA	NA	DER	DER	DER	DER	DER	NA	NA
FLG	1350	1484	3633	2673	2062	2090	272	325	1102	1209	915	878	518	609	2225	2732	2020	596	650	-79	-1118	-177	48	NA
CBC	NA	NA	1008	1115	1222	1199	NA	NA	NA	NA	NA	NA	NA	NA	653	721	715	NA	NA	273.69	305.81	390.85	429.55	222
